time,x,theta,vx,vtheta,force
0.000000,0.000000,-0.132743,0.000000,0.000000,-13.203359
0.020000,-0.004944,-0.126171,-0.247197,0.328582,-2.320548
0.040000,-0.010701,-0.119131,-0.287833,0.352018,-0.906931
0.060000,-0.016737,-0.112374,-0.301800,0.337843,-0.693574
0.080000,-0.022974,-0.105976,-0.311894,0.319886,-0.632991
0.100000,-0.029395,-0.099929,-0.321009,0.302351,-0.593296
0.120000,-0.035985,-0.094215,-0.329533,0.285713,-0.557940
0.140000,-0.042736,-0.088815,-0.337539,0.269984,-0.524781
0.160000,-0.049637,-0.083713,-0.345063,0.255120,-0.493468
0.180000,-0.056680,-0.078891,-0.352130,0.241076,-0.463872
0.200000,-0.063855,-0.074335,-0.358767,0.227807,-0.435895
0.220000,-0.071155,-0.070030,-0.364996,0.215268,-0.409450
0.240000,-0.078572,-0.065961,-0.370841,0.203421,-0.384452
0.260000,-0.086098,-0.062117,-0.376322,0.192227,-0.360824
0.280000,-0.093728,-0.058484,-0.381460,0.181649,-0.338490
0.300000,-0.101453,-0.055051,-0.386273,0.171655,-0.317379
0.320000,-0.109269,-0.051806,-0.390780,0.162211,-0.297425
0.340000,-0.117169,-0.048741,-0.394996,0.153288,-0.278564
0.360000,-0.125147,-0.045843,-0.398939,0.144857,-0.260736
0.380000,-0.133200,-0.043106,-0.402623,0.136890,-0.243886
0.400000,-0.141321,-0.040518,-0.406063,0.129362,-0.227959
0.420000,-0.149507,-0.038073,-0.409271,0.122249,-0.212904
0.440000,-0.157752,-0.035763,-0.412260,0.115528,-0.198674
0.460000,-0.166053,-0.033579,-0.415044,0.109178,-0.185224
0.480000,-0.174405,-0.031516,-0.417632,0.103177,-0.172510
0.500000,-0.182806,-0.029566,-0.420035,0.097507,-0.160493
0.520000,-0.191251,-0.027723,-0.422264,0.092149,-0.149133
0.540000,-0.199738,-0.025981,-0.424328,0.087086,-0.138396
0.560000,-0.208263,-0.024335,-0.426237,0.082303,-0.128246
0.580000,-0.216823,-0.022779,-0.427998,0.077783,-0.118651
0.600000,-0.225415,-0.021309,-0.429620,0.073511,-0.109582
0.620000,-0.234037,-0.019919,-0.431110,0.069476,-0.101008
0.640000,-0.242687,-0.018606,-0.432476,0.065662,-0.092903
0.660000,-0.251361,-0.017365,-0.433724,0.062059,-0.085241
0.680000,-0.260058,-0.016192,-0.434861,0.058654,-0.077997
0.700000,-0.268776,-0.015083,-0.435893,0.055437,-0.071149
0.720000,-0.277513,-0.014035,-0.436826,0.052396,-0.064675
0.740000,-0.286266,-0.013045,-0.437665,0.049524,-0.058554
0.760000,-0.295034,-0.012109,-0.438414,0.046809,-0.052766
0.780000,-0.303816,-0.011224,-0.439080,0.044244,-0.047295
0.800000,-0.312609,-0.010387,-0.439666,0.041821,-0.042121
0.820000,-0.321413,-0.009597,-0.440178,0.039531,-0.037229
0.840000,-0.330225,-0.008849,-0.440618,0.037367,-0.032603
0.860000,-0.339045,-0.008143,-0.440991,0.035322,-0.028228
0.880000,-0.347871,-0.007475,-0.441300,0.033390,-0.024091
0.900000,-0.356702,-0.006844,-0.441550,0.031564,-0.020179
0.920000,-0.365537,-0.006247,-0.441742,0.029838,-0.016479
0.940000,-0.374374,-0.005683,-0.441881,0.028208,-0.012980
0.960000,-0.383214,-0.005150,-0.441969,0.026668,-0.009670
0.980000,-0.392054,-0.004645,-0.442009,0.025212,-0.006539
1.000000,-0.400894,-0.004169,-0.442003,0.023836,-0.003578
1.020000,-0.409733,-0.003718,-0.441955,0.022536,-0.000776
1.040000,-0.418570,-0.003292,-0.441865,0.021308,0.001874
1.060000,-0.427405,-0.002889,-0.441737,0.020147,0.004381
1.080000,-0.436237,-0.002508,-0.441573,0.019051,0.006754
1.100000,-0.445064,-0.002148,-0.441374,0.018014,0.008999
1.120000,-0.453887,-0.001807,-0.441142,0.017035,0.011123
1.140000,-0.462705,-0.001485,-0.440880,0.016109,0.013133
1.159999,-0.471516,-0.001180,-0.440588,0.015235,0.015036
1.179999,-0.480322,-0.000892,-0.440268,0.014408,0.016837
1.199999,-0.489120,-0.000619,-0.439923,0.013627,0.018541
1.219999,-0.497911,-0.000361,-0.439552,0.012889,0.020155
1.239999,-0.506694,-0.000118,-0.439158,0.012192,0.021683
1.259999,-0.515469,0.000113,-0.438742,0.011533,0.023130
1.279999,-0.524235,0.000331,-0.438305,0.010910,0.024500
1.299999,-0.532992,0.000538,-0.437847,0.010321,0.025797
1.319999,-0.541740,0.000733,-0.437371,0.009765,0.027026
1.339999,-0.550477,0.000918,-0.436877,0.009239,0.028190
1.359999,-0.559204,0.001093,-0.436365,0.008743,0.029293
1.379999,-0.567921,0.001258,-0.435838,0.008273,0.030338
1.399999,-0.576627,0.001415,-0.435295,0.007830,0.031328
1.419999,-0.585322,0.001563,-0.434738,0.007410,0.032267
1.439999,-0.594005,0.001703,-0.434168,0.007014,0.033157
1.459999,-0.602677,0.001836,-0.433584,0.006640,0.034000
1.479999,-0.611337,0.001962,-0.432988,0.006286,0.034800
1.499999,-0.619984,0.002081,-0.432380,0.005951,0.035558
1.519999,-0.628620,0.002193,-0.431761,0.005635,0.036278
1.539999,-0.637242,0.002300,-0.431131,0.005336,0.036961
1.559999,-0.645852,0.002401,-0.430492,0.005054,0.037609
1.579999,-0.654449,0.002497,-0.429843,0.004787,0.038223
1.599999,-0.663033,0.002588,-0.429185,0.004535,0.038807
1.619999,-0.671603,0.002674,-0.428518,0.004296,0.039361
1.639999,-0.680160,0.002755,-0.427843,0.004071,0.039888
1.659999,-0.688703,0.002832,-0.427161,0.003858,0.040388
1.679999,-0.697232,0.002905,-0.426471,0.003657,0.040863
1.699999,-0.705748,0.002975,-0.425774,0.003466,0.041314
1.719999,-0.714249,0.003040,-0.425070,0.003286,0.041743
1.739999,-0.722736,0.003103,-0.424360,0.003116,0.042152
1.759999,-0.731209,0.003162,-0.423644,0.002955,0.042540
1.779999,-0.739668,0.003218,-0.422923,0.002803,0.042909
1.799999,-0.748112,0.003271,-0.422196,0.002660,0.043261
1.819999,-0.756541,0.003321,-0.421463,0.002524,0.043596
1.839999,-0.764955,0.003369,-0.420726,0.002396,0.043914
1.859999,-0.773355,0.003415,-0.419984,0.002274,0.044218
1.879999,-0.781740,0.003458,-0.419237,0.002159,0.044508
1.899999,-0.790110,0.003499,-0.418487,0.002051,0.044784
1.919999,-0.798464,0.003538,-0.417732,0.001948,0.045047
1.939999,-0.806804,0.003575,-0.416973,0.001851,0.045298
1.959999,-0.815128,0.003610,-0.416210,0.001759,0.045538
1.979999,-0.823437,0.003644,-0.415444,0.001673,0.045767
1.999999,-0.831730,0.003676,-0.414674,0.001590,0.045985
2.019999,-0.840008,0.003706,-0.413901,0.001513,0.046194
2.039999,-0.848271,0.003735,-0.413125,0.001439,0.046394
2.059999,-0.856518,0.003762,-0.412346,0.001370,0.046585
2.079999,-0.864749,0.003788,-0.411564,0.001304,0.046768
2.099999,-0.872965,0.003813,-0.410780,0.001242,0.046943
2.119999,-0.881164,0.003837,-0.409993,0.001183,0.047111
2.139999,-0.889349,0.003859,-0.409203,0.001128,0.047271
2.159999,-0.897517,0.003881,-0.408410,0.001075,0.047426
2.179999,-0.905669,0.003901,-0.407616,0.001025,0.047573
2.199999,-0.913805,0.003921,-0.406819,0.000978,0.047715
2.219999,-0.921926,0.003939,-0.406020,0.000934,0.047852
2.239999,-0.930030,0.003957,-0.405219,0.000891,0.047982
2.259999,-0.938119,0.003974,-0.404416,0.000851,0.048108
2.279999,-0.946191,0.003990,-0.403611,0.000814,0.048229
2.299999,-0.954247,0.004006,-0.402804,0.000778,0.048346
2.319999,-0.962287,0.004021,-0.401996,0.000744,0.048458
2.339998,-0.970310,0.004035,-0.401185,0.000712,0.048566
2.359998,-0.978318,0.004049,-0.400373,0.000681,0.048670
2.379998,-0.986309,0.004062,-0.399560,0.000653,0.048771
2.399998,-0.994284,0.004074,-0.398745,0.000625,0.048868
2.419998,-1.002243,0.004086,-0.397928,0.000599,0.048962
2.439998,-1.010185,0.004098,-0.397110,0.000575,0.049052
2.459998,-1.018111,0.004109,-0.396291,0.000552,0.049140
2.479998,-1.026020,0.004119,-0.395470,0.000530,0.049225
2.499998,-1.033913,0.004130,-0.394648,0.000509,0.049307
2.519998,-1.041789,0.004139,-0.393824,0.000489,0.049386
2.539998,-1.049649,0.004149,-0.392999,0.000470,0.049463
2.559998,-1.057493,0.004158,-0.392174,0.000452,0.049538
2.579998,-1.065320,0.004167,-0.391347,0.000436,0.049610
2.599998,-1.073130,0.004175,-0.390518,0.000420,0.049680
2.619998,-1.080924,0.004183,-0.389689,0.000404,0.049749
2.639998,-1.088701,0.004191,-0.388859,0.000390,0.049815
2.659998,-1.096462,0.004198,-0.388027,0.000376,0.049880
2.679998,-1.104206,0.004206,-0.387195,0.000363,0.049942
2.699998,-1.111933,0.004213,-0.386362,0.000351,0.050003
2.719998,-1.119643,0.004219,-0.385527,0.000339,0.050063
2.739998,-1.127337,0.004226,-0.384692,0.000328,0.050121
2.759998,-1.135014,0.004232,-0.383856,0.000317,0.050178
2.779998,-1.142675,0.004238,-0.383018,0.000307,0.050233
2.799998,-1.150318,0.004244,-0.382180,0.000297,0.050287
2.819998,-1.157945,0.004250,-0.381342,0.000288,0.050339
2.839998,-1.165555,0.004256,-0.380502,0.000280,0.050391
2.859998,-1.173148,0.004261,-0.379661,0.000271,0.050441
2.879998,-1.180725,0.004266,-0.378820,0.000263,0.050490
2.899998,-1.188284,0.004272,-0.377978,0.000256,0.050538
2.919998,-1.195827,0.004277,-0.377135,0.000248,0.050585
2.939998,-1.203353,0.004281,-0.376291,0.000242,0.050631
2.959998,-1.210862,0.004286,-0.375447,0.000235,0.050676
2.979998,-1.218354,0.004291,-0.374602,0.000229,0.050720
2.999998,-1.225829,0.004295,-0.373756,0.000223,0.050763
3.019998,-1.233287,0.004299,-0.372909,0.000217,0.050806
3.039998,-1.240728,0.004304,-0.372062,0.000212,0.050847
3.059998,-1.248153,0.004308,-0.371214,0.000206,0.050888
3.079998,-1.255560,0.004312,-0.370366,0.000201,0.050928
3.099998,-1.262950,0.004316,-0.369517,0.000196,0.050967
3.119998,-1.270324,0.004320,-0.368667,0.000192,0.051006
3.139998,-1.277680,0.004323,-0.367816,0.000187,0.051044
3.159998,-1.285019,0.004327,-0.366965,0.000183,0.051081
3.179998,-1.292342,0.004331,-0.366113,0.000179,0.051118
3.199998,-1.299647,0.004334,-0.365261,0.000175,0.051154
3.219998,-1.306935,0.004337,-0.364408,0.000171,0.051189
3.239998,-1.314206,0.004341,-0.363555,0.000168,0.051224
3.259998,-1.321460,0.004344,-0.362701,0.000164,0.051258
3.279998,-1.328697,0.004347,-0.361846,0.000161,0.051292
3.299998,-1.335917,0.004350,-0.360991,0.000157,0.051325
3.319998,-1.343120,0.004354,-0.360135,0.000154,0.051357
3.339998,-1.350305,0.004357,-0.359279,0.000151,0.051389
3.359998,-1.357474,0.004360,-0.358423,0.000148,0.051421
3.379997,-1.364625,0.004362,-0.357565,0.000145,0.051452
3.399997,-1.371759,0.004365,-0.356708,0.000143,0.051483
3.419997,-1.378876,0.004368,-0.355849,0.000140,0.051513
3.439997,-1.385976,0.004371,-0.354990,0.000137,0.051542
3.459997,-1.393058,0.004374,-0.354131,0.000135,0.051572
3.479997,-1.400124,0.004376,-0.353272,0.000132,0.051600
3.499997,-1.407172,0.004379,-0.352411,0.000130,0.051629
3.519997,-1.414203,0.004381,-0.351551,0.000128,0.051657
3.539997,-1.421217,0.004384,-0.350689,0.000126,0.051684
3.559997,-1.428213,0.004386,-0.349828,0.000123,0.051711
3.579997,-1.435193,0.004389,-0.348966,0.000121,0.051738
3.599997,-1.442155,0.004391,-0.348103,0.000119,0.051764
3.619997,-1.449100,0.004394,-0.347240,0.000117,0.051790
3.639997,-1.456027,0.004396,-0.346377,0.000115,0.051816
3.659997,-1.462937,0.004398,-0.345513,0.000113,0.051841
3.679997,-1.469830,0.004400,-0.344649,0.000111,0.051866
3.699997,-1.476706,0.004402,-0.343785,0.000109,0.051890
3.719997,-1.483565,0.004405,-0.342920,0.000108,0.051914
3.739997,-1.490406,0.004407,-0.342054,0.000106,0.051938
3.759997,-1.497229,0.004409,-0.341188,0.000104,0.051962
3.779997,-1.504036,0.004411,-0.340322,0.000102,0.051985
3.799997,-1.510825,0.004413,-0.339456,0.000101,0.052007
3.819997,-1.517597,0.004415,-0.338589,0.000099,0.052030
3.839997,-1.524351,0.004417,-0.337722,0.000097,0.052052
3.859997,-1.531088,0.004419,-0.336854,0.000096,0.052073
3.879997,-1.537808,0.004421,-0.335986,0.000094,0.052095
3.899997,-1.544510,0.004422,-0.335117,0.000092,0.052116
3.919997,-1.551195,0.004424,-0.334249,0.000091,0.052136
3.939997,-1.557863,0.004426,-0.333380,0.000089,0.052157
3.959997,-1.564513,0.004428,-0.332510,0.000088,0.052177
3.979997,-1.571146,0.004430,-0.331641,0.000086,0.052196
3.999997,-1.577761,0.004431,-0.330770,0.000085,0.052216
4.019997,-1.584359,0.004433,-0.329900,0.000083,0.052235
4.039997,-1.590940,0.004435,-0.329029,0.000082,0.052254
4.059997,-1.597503,0.004436,-0.328158,0.000081,0.052272
4.079997,-1.604049,0.004438,-0.327287,0.000079,0.052290
4.099997,-1.610577,0.004439,-0.326415,0.000078,0.052308
4.119997,-1.617088,0.004441,-0.325544,0.000076,0.052326
4.139997,-1.623581,0.004442,-0.324671,0.000075,0.052343
4.159997,-1.630057,0.004444,-0.323799,0.000074,0.052360
4.179997,-1.636516,0.004445,-0.322926,0.000072,0.052377
4.199997,-1.642957,0.004447,-0.322053,0.000071,0.052393
4.219997,-1.649381,0.004448,-0.321180,0.000070,0.052409
4.239997,-1.655787,0.004449,-0.320306,0.000068,0.052425
4.259997,-1.662175,0.004451,-0.319432,0.000067,0.052440
4.279997,-1.668546,0.004452,-0.318558,0.000066,0.052455
4.299997,-1.674900,0.004453,-0.317684,0.000064,0.052470
4.319997,-1.681236,0.004455,-0.316809,0.000063,0.052485
4.339997,-1.687555,0.004456,-0.315934,0.000062,0.052499
4.359997,-1.693856,0.004457,-0.315059,0.000061,0.052513
4.379997,-1.700140,0.004458,-0.314184,0.000059,0.052527
4.399997,-1.706406,0.004459,-0.313308,0.000058,0.052541
4.419997,-1.712655,0.004461,-0.312432,0.000057,0.052554
4.439997,-1.718886,0.004462,-0.311556,0.000056,0.052567
4.459997,-1.725099,0.004463,-0.310680,0.000054,0.052579
4.479997,-1.731296,0.004464,-0.309804,0.000053,0.052592
4.499997,-1.737474,0.004465,-0.308927,0.000052,0.052604
4.519997,-1.743635,0.004466,-0.308050,0.000051,0.052615
4.539997,-1.749779,0.004467,-0.307173,0.000050,0.052627
4.559997,-1.755904,0.004468,-0.306296,0.000048,0.052638
4.579997,-1.762013,0.004469,-0.305419,0.000047,0.052649
4.599997,-1.768104,0.004470,-0.304541,0.000046,0.052660
4.619997,-1.774177,0.004471,-0.303663,0.000045,0.052670
4.639997,-1.780233,0.004471,-0.302785,0.000044,0.052680
4.659997,-1.786271,0.004472,-0.301907,0.000042,0.052690
4.679996,-1.792291,0.004473,-0.301029,0.000041,0.052700
4.699996,-1.798294,0.004474,-0.300151,0.000040,0.052709
4.719996,-1.804280,0.004475,-0.299272,0.000039,0.052718
4.739996,-1.810248,0.004475,-0.298393,0.000038,0.052727
4.759996,-1.816198,0.004476,-0.297514,0.000036,0.052735
4.779996,-1.822131,0.004477,-0.296635,0.000035,0.052743
4.799996,-1.828046,0.004478,-0.295756,0.000034,0.052751
4.819996,-1.833943,0.004478,-0.294877,0.000033,0.052759
4.839996,-1.839823,0.004479,-0.293998,0.000032,0.052766
4.859996,-1.845686,0.004480,-0.293118,0.000031,0.052773
4.879996,-1.851530,0.004480,-0.292238,0.000030,0.052780
4.899996,-1.857358,0.004481,-0.291359,0.000028,0.052787
4.919996,-1.863167,0.004481,-0.290479,0.000027,0.052793
4.939996,-1.868959,0.004482,-0.289599,0.000026,0.052799
4.959996,-1.874734,0.004482,-0.288719,0.000025,0.052805
4.979996,-1.880490,0.004483,-0.287839,0.000024,0.052810
4.999996,-1.886229,0.004483,-0.286958,0.000023,0.052816
5.019996,-1.891951,0.004484,-0.286078,0.000022,0.052821
5.039996,-1.897655,0.004484,-0.285197,0.000020,0.052825
5.059996,-1.903341,0.004484,-0.284317,0.000019,0.052830
5.079996,-1.909010,0.004485,-0.283436,0.000018,0.052834
5.099996,-1.914661,0.004485,-0.282556,0.000017,0.052838
5.119996,-1.920295,0.004485,-0.281675,0.000016,0.052842
5.139996,-1.925911,0.004486,-0.280794,0.000015,0.052845
5.159996,-1.931509,0.004486,-0.279913,0.000014,0.052848
5.179996,-1.937089,0.004486,-0.279032,0.000013,0.052851
5.199996,-1.942652,0.004486,-0.278152,0.000011,0.052854
5.219996,-1.948198,0.004487,-0.277271,0.000010,0.052856
5.239996,-1.953726,0.004487,-0.276390,0.000009,0.052858
5.259996,-1.959236,0.004487,-0.275508,0.000008,0.052860
5.279996,-1.964728,0.004487,-0.274627,0.000007,0.052862
5.299996,-1.970203,0.004487,-0.273746,0.000006,0.052863
5.319996,-1.975661,0.004487,-0.272865,0.000005,0.052864
5.339996,-1.981100,0.004487,-0.271984,0.000004,0.052865
5.359996,-1.986522,0.004487,-0.271103,0.000003,0.052865
5.379996,-1.991927,0.004488,-0.270222,0.000002,0.052866
5.399996,-1.997314,0.004488,-0.269340,0.000000,0.052866
5.419996,-2.002683,0.004488,-0.268459,-0.000001,0.052865
5.439996,-2.008034,0.004487,-0.267578,-0.000002,0.052865
5.459996,-2.013368,0.004487,-0.266697,-0.000003,0.052864
5.479996,-2.018685,0.004487,-0.265816,-0.000004,0.052863
5.499996,-2.023983,0.004487,-0.264935,-0.000005,0.052862
5.519996,-2.029264,0.004487,-0.264053,-0.000006,0.052860
5.539996,-2.034528,0.004487,-0.263172,-0.000007,0.052859
5.559996,-2.039774,0.004487,-0.262291,-0.000008,0.052857
5.579996,-2.045002,0.004487,-0.261410,-0.000009,0.052854
5.599996,-2.050212,0.004486,-0.260529,-0.000010,0.052852
5.619996,-2.055405,0.004486,-0.259648,-0.000011,0.052849
5.639996,-2.060581,0.004486,-0.258767,-0.000013,0.052846
5.659996,-2.065738,0.004486,-0.257887,-0.000014,0.052843
5.679996,-2.070879,0.004485,-0.257006,-0.000015,0.052839
5.699996,-2.076001,0.004485,-0.256125,-0.000016,0.052835
5.719995,-2.081106,0.004485,-0.255244,-0.000017,0.052831
5.739995,-2.086193,0.004484,-0.254364,-0.000018,0.052827
5.759995,-2.091263,0.004484,-0.253483,-0.000019,0.052823
5.779995,-2.096315,0.004484,-0.252603,-0.000020,0.052818
5.799995,-2.101349,0.004483,-0.251722,-0.000021,0.052813
5.819995,-2.106366,0.004483,-0.250842,-0.000022,0.052808
5.839995,-2.111365,0.004482,-0.249962,-0.000023,0.052802
5.859995,-2.116347,0.004482,-0.249082,-0.000024,0.052796
5.879995,-2.121311,0.004481,-0.248202,-0.000025,0.052790
5.899995,-2.126258,0.004481,-0.247322,-0.000026,0.052784
5.919995,-2.131186,0.004480,-0.246442,-0.000027,0.052778
5.939995,-2.136098,0.004480,-0.245562,-0.000028,0.052771
5.959995,-2.140991,0.004479,-0.244683,-0.000029,0.052764
5.979995,-2.145867,0.004478,-0.243803,-0.000030,0.052757
5.999995,-2.150726,0.004478,-0.242924,-0.000032,0.052749
6.019995,-2.155567,0.004477,-0.242045,-0.000033,0.052741
6.039995,-2.160390,0.004476,-0.241165,-0.000034,0.052733
6.059995,-2.165196,0.004476,-0.240286,-0.000035,0.052725
6.079995,-2.169984,0.004475,-0.239408,-0.000036,0.052717
6.099995,-2.174755,0.004474,-0.238529,-0.000037,0.052708
6.119995,-2.179508,0.004474,-0.237650,-0.000038,0.052699
6.139995,-2.184243,0.004473,-0.236772,-0.000039,0.052690
6.159995,-2.188961,0.004472,-0.235894,-0.000040,0.052680
6.179995,-2.193661,0.004471,-0.235016,-0.000041,0.052671
6.199995,-2.198344,0.004470,-0.234138,-0.000042,0.052661
6.219995,-2.203009,0.004469,-0.233260,-0.000043,0.052651
6.239995,-2.207657,0.004469,-0.232382,-0.000044,0.052640
6.259995,-2.212287,0.004468,-0.231505,-0.000045,0.052630
6.279995,-2.216899,0.004467,-0.230628,-0.000046,0.052619
6.299995,-2.221494,0.004466,-0.229751,-0.000047,0.052608
6.319995,-2.226072,0.004465,-0.228874,-0.000048,0.052596
6.339995,-2.230632,0.004464,-0.227997,-0.000049,0.052585
6.359995,-2.235174,0.004463,-0.227120,-0.000050,0.052573
6.379995,-2.239699,0.004462,-0.226244,-0.000051,0.052561
6.399995,-2.244206,0.004461,-0.225368,-0.000052,0.052549
6.419995,-2.248696,0.004460,-0.224492,-0.000053,0.052536
6.439995,-2.253169,0.004459,-0.223616,-0.000054,0.052523
6.459995,-2.257623,0.004458,-0.222741,-0.000055,0.052510
6.479995,-2.262061,0.004457,-0.221866,-0.000056,0.052497
6.499995,-2.266481,0.004455,-0.220991,-0.000057,0.052484
6.519995,-2.270883,0.004454,-0.220116,-0.000058,0.052470
6.539995,-2.275268,0.004453,-0.219241,-0.000059,0.052456
6.559995,-2.279635,0.004452,-0.218367,-0.000060,0.052442
6.579995,-2.283985,0.004451,-0.217493,-0.000061,0.052428
6.599995,-2.288317,0.004449,-0.216619,-0.000062,0.052413
6.619995,-2.292632,0.004448,-0.215745,-0.000063,0.052398
6.639995,-2.296930,0.004447,-0.214872,-0.000064,0.052383
6.659995,-2.301210,0.004446,-0.213999,-0.000065,0.052368
6.679995,-2.305472,0.004444,-0.213126,-0.000066,0.052352
6.699995,-2.309717,0.004443,-0.212253,-0.000067,0.052336
6.719995,-2.313945,0.004442,-0.211381,-0.000068,0.052320
6.739995,-2.318155,0.004440,-0.210509,-0.000069,0.052304
6.759995,-2.322348,0.004439,-0.209637,-0.000070,0.052288
6.779994,-2.326523,0.004437,-0.208766,-0.000071,0.052271
6.799994,-2.330681,0.004436,-0.207894,-0.000072,0.052254
6.819994,-2.334821,0.004434,-0.207023,-0.000073,0.052237
6.839994,-2.338944,0.004433,-0.206153,-0.000074,0.052219
6.859994,-2.343050,0.004432,-0.205282,-0.000075,0.052202
6.879994,-2.347138,0.004430,-0.204412,-0.000076,0.052184
6.899994,-2.351209,0.004428,-0.203542,-0.000076,0.052166
6.919994,-2.355263,0.004427,-0.202673,-0.000077,0.052148
6.939994,-2.359299,0.004425,-0.201804,-0.000078,0.052129
6.959994,-2.363317,0.004424,-0.200935,-0.000079,0.052110
6.979994,-2.367319,0.004422,-0.200066,-0.000080,0.052091
6.999994,-2.371303,0.004421,-0.199198,-0.000081,0.052072
7.019994,-2.375269,0.004419,-0.198330,-0.000082,0.052053
7.039994,-2.379219,0.004417,-0.197462,-0.000083,0.052033
7.059994,-2.383150,0.004416,-0.196595,-0.000084,0.052013
7.079994,-2.387065,0.004414,-0.195728,-0.000085,0.051993
7.099994,-2.390962,0.004412,-0.194861,-0.000086,0.051973
7.119994,-2.394842,0.004410,-0.193995,-0.000087,0.051952
7.139994,-2.398705,0.004409,-0.193129,-0.000088,0.051932
7.159994,-2.402550,0.004407,-0.192264,-0.000089,0.051911
7.179994,-2.406378,0.004405,-0.191398,-0.000090,0.051889
7.199994,-2.410189,0.004403,-0.190533,-0.000091,0.051868
7.219994,-2.413982,0.004401,-0.189669,-0.000092,0.051846
7.239994,-2.417758,0.004400,-0.188805,-0.000093,0.051825
7.259994,-2.421517,0.004398,-0.187941,-0.000093,0.051802
7.279994,-2.425258,0.004396,-0.187077,-0.000094,0.051780
7.299994,-2.428983,0.004394,-0.186214,-0.000095,0.051758
7.319994,-2.432690,0.004392,-0.185352,-0.000096,0.051735
7.339994,-2.436380,0.004390,-0.184489,-0.000097,0.051712
7.359994,-2.440052,0.004388,-0.183627,-0.000098,0.051689
7.379994,-2.443707,0.004386,-0.182766,-0.000099,0.051666
7.399994,-2.447346,0.004384,-0.181905,-0.000100,0.051642
7.419994,-2.450966,0.004382,-0.181044,-0.000101,0.051618
7.439994,-2.454570,0.004380,-0.180183,-0.000102,0.051594
7.459994,-2.458157,0.004378,-0.179323,-0.000103,0.051570
7.479994,-2.461726,0.004376,-0.178464,-0.000104,0.051545
7.499994,-2.465278,0.004374,-0.177605,-0.000104,0.051521
7.519994,-2.468813,0.004372,-0.176746,-0.000105,0.051496
7.539994,-2.472331,0.004370,-0.175888,-0.000106,0.051471
7.559994,-2.475831,0.004367,-0.175030,-0.000107,0.051446
7.579994,-2.479315,0.004365,-0.174172,-0.000108,0.051420
7.599994,-2.482781,0.004363,-0.173315,-0.000109,0.051394
7.619994,-2.486230,0.004361,-0.172458,-0.000110,0.051368
7.639994,-2.489662,0.004359,-0.171602,-0.000111,0.051342
7.659994,-2.493077,0.004356,-0.170747,-0.000112,0.051316
7.679994,-2.496475,0.004354,-0.169891,-0.000112,0.051289
7.699994,-2.499856,0.004352,-0.169036,-0.000113,0.051263
7.719994,-2.503219,0.004350,-0.168182,-0.000114,0.051236
7.739994,-2.506566,0.004347,-0.167328,-0.000115,0.051209
7.759994,-2.509895,0.004345,-0.166474,-0.000116,0.051181
7.779994,-2.513208,0.004343,-0.165621,-0.000117,0.051154
7.799994,-2.516503,0.004340,-0.164769,-0.000118,0.051126
7.819993,-2.519781,0.004338,-0.163916,-0.000119,0.051098
7.839993,-2.523043,0.004336,-0.163065,-0.000120,0.051070
7.859993,-2.526287,0.004333,-0.162213,-0.000120,0.051041
7.879993,-2.529514,0.004331,-0.161363,-0.000121,0.051013
7.899993,-2.532724,0.004328,-0.160512,-0.000122,0.050984
7.919993,-2.535918,0.004326,-0.159663,-0.000123,0.050955
7.939993,-2.539094,0.004323,-0.158813,-0.000124,0.050925
7.959993,-2.542253,0.004321,-0.157964,-0.000125,0.050896
7.979993,-2.545396,0.004318,-0.157116,-0.000126,0.050866
7.999993,-2.548521,0.004316,-0.156268,-0.000126,0.050837
8.019994,-2.551629,0.004313,-0.155421,-0.000127,0.050807
8.039994,-2.554721,0.004311,-0.154574,-0.000128,0.050776
8.059995,-2.557795,0.004308,-0.153728,-0.000129,0.050746
8.079995,-2.560853,0.004306,-0.152882,-0.000130,0.050715
8.099996,-2.563894,0.004303,-0.152037,-0.000131,0.050684
8.119996,-2.566918,0.004300,-0.151192,-0.000132,0.050653
8.139997,-2.569925,0.004298,-0.150347,-0.000132,0.050622
8.159997,-2.572915,0.004295,-0.149504,-0.000133,0.050591
8.179997,-2.575888,0.004292,-0.148660,-0.000134,0.050559
8.199998,-2.578844,0.004290,-0.147818,-0.000135,0.050527
8.219998,-2.581784,0.004287,-0.146976,-0.000136,0.050495
8.239999,-2.584706,0.004284,-0.146134,-0.000137,0.050463
8.259999,-2.587612,0.004281,-0.145293,-0.000137,0.050430
8.280000,-2.590501,0.004279,-0.144452,-0.000138,0.050398
8.300000,-2.593374,0.004276,-0.143612,-0.000139,0.050365
8.320001,-2.596229,0.004273,-0.142773,-0.000140,0.050332
8.340001,-2.599068,0.004270,-0.141934,-0.000141,0.050299
8.360002,-2.601890,0.004267,-0.141095,-0.000142,0.050265
8.380002,-2.604695,0.004265,-0.140258,-0.000142,0.050232
8.400002,-2.607483,0.004262,-0.139420,-0.000143,0.050198
8.420003,-2.610255,0.004259,-0.138584,-0.000144,0.050164
8.440003,-2.613010,0.004256,-0.137747,-0.000145,0.050130
8.460004,-2.615748,0.004253,-0.136912,-0.000146,0.050095
8.480004,-2.618470,0.004250,-0.136077,-0.000146,0.050061
8.500005,-2.621174,0.004247,-0.135242,-0.000147,0.050026
8.520005,-2.623863,0.004244,-0.134409,-0.000148,0.049991
8.540006,-2.626534,0.004241,-0.133575,-0.000149,0.049956
8.560006,-2.629189,0.004238,-0.132743,-0.000150,0.049921
8.580007,-2.631827,0.004235,-0.131911,-0.000151,0.049885
8.600007,-2.634449,0.004232,-0.131079,-0.000151,0.049850
8.620008,-2.637054,0.004229,-0.130248,-0.000152,0.049814
8.640008,-2.639642,0.004226,-0.129418,-0.000153,0.049778
8.660008,-2.642214,0.004223,-0.128588,-0.000154,0.049741
8.680009,-2.644769,0.004220,-0.127759,-0.000155,0.049705
8.700009,-2.647308,0.004217,-0.126931,-0.000155,0.049668
8.720010,-2.649830,0.004214,-0.126103,-0.000156,0.049631
8.740010,-2.652335,0.004211,-0.125276,-0.000157,0.049594
8.760011,-2.654824,0.004207,-0.124449,-0.000158,0.049557
8.780011,-2.657297,0.004204,-0.123623,-0.000158,0.049520
8.800012,-2.659753,0.004201,-0.122797,-0.000159,0.049482
8.820012,-2.662192,0.004198,-0.121973,-0.000160,0.049445
8.840013,-2.664615,0.004195,-0.121149,-0.000161,0.049407
8.860013,-2.667021,0.004191,-0.120325,-0.000162,0.049369
8.880013,-2.669412,0.004188,-0.119502,-0.000162,0.049330
8.900014,-2.671785,0.004185,-0.118680,-0.000163,0.049292
8.920014,-2.674142,0.004182,-0.117858,-0.000164,0.049253
8.940015,-2.676483,0.004178,-0.117037,-0.000165,0.049214
8.960015,-2.678807,0.004175,-0.116217,-0.000165,0.049175
8.980016,-2.681115,0.004172,-0.115397,-0.000166,0.049136
9.000016,-2.683407,0.004168,-0.114578,-0.000167,0.049097
9.020017,-2.685682,0.004165,-0.113760,-0.000168,0.049057
9.040017,-2.687941,0.004162,-0.112942,-0.000168,0.049017
9.060018,-2.690183,0.004158,-0.112125,-0.000169,0.048977
9.080018,-2.692410,0.004155,-0.111309,-0.000170,0.048937
9.100019,-2.694620,0.004151,-0.110493,-0.000171,0.048897
9.120019,-2.696813,0.004148,-0.109678,-0.000172,0.048857
9.140019,-2.698990,0.004145,-0.108864,-0.000172,0.048816
9.160020,-2.701151,0.004141,-0.108050,-0.000173,0.048775
9.180020,-2.703296,0.004138,-0.107237,-0.000174,0.048734
9.200021,-2.705425,0.004134,-0.106425,-0.000174,0.048693
9.220021,-2.707537,0.004131,-0.105613,-0.000175,0.048652
9.240022,-2.709633,0.004127,-0.104803,-0.000176,0.048610
9.260022,-2.711713,0.004124,-0.103992,-0.000177,0.048569
9.280023,-2.713776,0.004120,-0.103183,-0.000177,0.048527
9.300023,-2.715824,0.004116,-0.102374,-0.000178,0.048485
9.320024,-2.717855,0.004113,-0.101566,-0.000179,0.048443
9.340024,-2.719870,0.004109,-0.100758,-0.000180,0.048400
9.360024,-2.721869,0.004106,-0.099952,-0.000180,0.048358
9.380025,-2.723852,0.004102,-0.099146,-0.000181,0.048315
9.400025,-2.725819,0.004098,-0.098340,-0.000182,0.048272
9.420026,-2.727770,0.004095,-0.097536,-0.000183,0.048229
9.440026,-2.729705,0.004091,-0.096732,-0.000183,0.048186
9.460027,-2.731623,0.004087,-0.095929,-0.000184,0.048142
9.480027,-2.733526,0.004084,-0.095126,-0.000185,0.048099
9.500028,-2.735412,0.004080,-0.094325,-0.000185,0.048055
9.520028,-2.737283,0.004076,-0.093524,-0.000186,0.048011
9.540029,-2.739137,0.004073,-0.092723,-0.000187,0.047967
9.560029,-2.740976,0.004069,-0.091924,-0.000188,0.047923
9.580029,-2.742798,0.004065,-0.091125,-0.000188,0.047879
9.600030,-2.744605,0.004061,-0.090327,-0.000189,0.047834
9.620030,-2.746395,0.004057,-0.089530,-0.000190,0.047789
9.640031,-2.748170,0.004054,-0.088733,-0.000190,0.047744
9.660031,-2.749929,0.004050,-0.087937,-0.000191,0.047699
9.680032,-2.751671,0.004046,-0.087142,-0.000192,0.047654
9.700032,-2.753398,0.004042,-0.086348,-0.000192,0.047609
9.720033,-2.755109,0.004038,-0.085554,-0.000193,0.047563
9.740033,-2.756805,0.004034,-0.084762,-0.000194,0.047518
9.760034,-2.758484,0.004031,-0.083970,-0.000195,0.047472
9.780034,-2.760148,0.004027,-0.083178,-0.000195,0.047426
9.800035,-2.761795,0.004023,-0.082388,-0.000196,0.047379
9.820035,-2.763427,0.004019,-0.081598,-0.000197,0.047333
9.840035,-2.765044,0.004015,-0.080809,-0.000197,0.047287
9.860036,-2.766644,0.004011,-0.080021,-0.000198,0.047240
9.880036,-2.768229,0.004007,-0.079234,-0.000199,0.047193
9.900037,-2.769798,0.004003,-0.078447,-0.000199,0.047146
9.920037,-2.771351,0.003999,-0.077661,-0.000200,0.047099
9.940038,-2.772888,0.003995,-0.076876,-0.000201,0.047052
9.960038,-2.774410,0.003991,-0.076092,-0.000201,0.047004
9.980039,-2.775916,0.003987,-0.075309,-0.000202,0.046957
